date,province,positive,dead,cured
2020-03-16,hubei_non_wuhan,17795,630,16710
2020-03-16,hunan,1018,4,1014
2020-03-16,jiangxi,935,1,934
2020-03-16,fujian,296,1,295
2020-03-16,anhui,990,6,984
2020-03-16,zhejiang,1231,1,1216
2020-03-16,jiangsu,631,0,631
2020-03-16,shanghai,355,3,326
2020-03-16,heilongjiang,482,13,455
2020-03-16,jilin,93,1,92
2020-03-16,liaoning,125,1,115
2020-03-16,neimenggu,75,1,73
2020-03-16,shanxi,133,0,133
2020-03-16,hebei,318,6,310
2020-03-16,tianjin,136,3,133
2020-03-16,henan,1273,22,1250
2020-03-16,wuhan,50003,2469,38424
2020-03-16,shandong,760,7,746
2020-03-16,macau,11,0,10
2020-03-16,xizang,1,0,1
2020-03-16,beijing,452,8,360
2020-03-16,guangxi,252,2,249
2020-03-16,hainan,168,6,160
2020-03-16,chongqing,576,6,570
2020-03-16,sichuan,539,3,516
2020-03-16,yunnan,175,2,172
2020-03-16,guangdong,1361,8,1306
2020-03-16,guizhou,146,2,144
2020-03-16,gansu,133,2,91
2020-03-16,qinghai,18,0,18
2020-03-16,ningxia,75,0,75
2020-03-16,xinjiang,76,3,73
2020-03-16,taiwan,67,1,20
2020-03-16,hongkong ,155,4,84
2020-03-16,shanxi,245,2,233
2020-03-15,beijing,442,8,353
2020-03-15,hainan,168,6,160
2020-03-15,taiwan,53,1,20
2020-03-15,xinjiang,76,3,73
2020-03-15,ningxia,75,0,73
2020-03-15,qinghai,18,0,18
2020-03-15,gansu,133,2,91
2020-03-15,macau,10,0,10
2020-03-15,hongkong ,145,4,81
2020-03-15,yunnan,174,2,172
2020-03-15,guizhou,146,2,143
2020-03-15,sichuan,539,3,515
2020-03-15,guangxi,252,2,245
2020-03-15,chongqing,576,6,570
2020-03-15,tianjin,136,3,133
2020-03-15,guangdong,1360,8,1304
2020-03-15,shanghai,353,3,324
2020-03-15,hunan,1018,4,1014
2020-03-15,shandong,760,7,741
2020-03-15,jiangxi,935,1,934
2020-03-15,fujian,296,1,295
2020-03-15,anhui,990,6,984
2020-03-15,zhejiang,1231,1,1211
2020-03-15,jiangsu,631,0,631
2020-03-15,heilongjiang,482,13,454
2020-03-15,jilin,93,1,92
2020-03-15,liaoning,125,1,114
2020-03-15,neimenggu,75,1,71
2020-03-15,shanxi,133,0,133
2020-03-15,hebei,318,6,310
2020-03-15,xizang,1,0,1
2020-03-15,shanxi,245,2,232
2020-03-15,wuhan,49999,2456,37643
2020-03-15,henan,1273,22,1250
2020-03-15,hubei_non_wuhan,17795,629,16646
2020-03-14,tianjin,136,3,132
2020-03-14,yunnan,174,2,172
2020-03-14,shandong,760,7,741
2020-03-14,hunan,1018,4,1014
2020-03-14,xizang,1,0,1
2020-03-14,hebei,318,6,310
2020-03-14,hainan,168,6,160
2020-03-14,chongqing,576,6,566
2020-03-14,guizhou,146,2,143
2020-03-14,guangdong,1356,8,1299
2020-03-14,fujian,296,1,295
2020-03-14,gansu,132,2,90
2020-03-14,qinghai,18,0,18
2020-03-14,ningxia,75,0,73
2020-03-14,xinjiang,76,3,73
2020-03-14,taiwan,53,1,20
2020-03-14,wuhan,49995,2446,36465
2020-03-14,jiangxi,935,1,934
2020-03-14,sichuan,539,3,512
2020-03-14,anhui,990,6,984
2020-03-14,shanxi,133,0,133
2020-03-14,zhejiang,1227,1,1211
2020-03-14,hubei_non_wuhan,17795,629,16495
2020-03-14,shanxi,245,2,232
2020-03-14,macau,10,0,10
2020-03-14,guangxi,252,2,243
2020-03-14,hongkong ,140,4,78
2020-03-14,beijing,437,8,349
2020-03-14,henan,1273,22,1250
2020-03-14,neimenggu,75,1,71
2020-03-14,liaoning,125,1,113
2020-03-14,jilin,93,1,91
2020-03-14,heilongjiang,482,13,448
2020-03-14,shanghai,352,3,324
2020-03-14,jiangsu,631,0,630
2020-03-13,fujian,296,1,295
2020-03-13,neimenggu,75,1,72
2020-03-13,anhui,990,6,984
2020-03-13,zhejiang,1215,1,1209
2020-03-13,jiangsu,631,0,631
2020-03-13,shanghai,346,3,324
2020-03-13,heilongjiang,482,13,446
2020-03-13,jilin,93,1,91
2020-03-13,liaoning,125,1,112
2020-03-13,macau,10,0,10
2020-03-13,hongkong ,134,4,75
2020-03-13,taiwan,49,1,20
2020-03-13,henan,1273,22,1249
2020-03-13,hainan,168,6,160
2020-03-13,shanxi,245,2,232
2020-03-13,guangdong,1356,8,1297
2020-03-13,xizang,1,0,1
2020-03-13,hubei_non_wuhan,17795,626,16367
2020-03-13,shandong,760,7,739
2020-03-13,jiangxi,935,1,934
2020-03-13,shanxi,133,0,133
2020-03-13,hunan,1018,4,1005
2020-03-13,beijing,436,8,342
2020-03-13,wuhan,49991,2436,35197
2020-03-13,chongqing,576,6,564
2020-03-13,guangxi,252,2,243
2020-03-13,xinjiang,76,3,73
2020-03-13,yunnan,174,2,170
2020-03-13,sichuan,539,3,504
2020-03-13,gansu,127,2,89
2020-03-13,qinghai,18,0,18
2020-03-13,ningxia,75,0,72
2020-03-13,guizhou,146,2,140
2020-03-13,tianjin,136,3,132
2020-03-13,hebei,318,6,310
2020-03-12,hebei,318,6,308
2020-03-12,zhejiang,1216,1,1209
2020-03-12,anhui,990,6,984
2020-03-12,fujian,296,1,295
2020-03-12,jiangxi,935,1,934
2020-03-12,shandong,760,6,734
2020-03-12,hunan,1018,4,999
2020-03-12,xizang,1,0,1
2020-03-12,gansu,127,2,88
2020-03-12,shanxi,133,0,132
2020-03-12,neimenggu,75,1,71
2020-03-12,xinjiang,76,3,73
2020-03-12,yunnan,174,2,170
2020-03-12,guangdong,1356,8,1289
2020-03-12,shanghai,344,3,321
2020-03-12,chongqing,576,6,554
2020-03-12,ningxia,75,0,72
2020-03-12,jiangsu,631,0,629
2020-03-12,heilongjiang,482,13,441
2020-03-12,wuhan,49986,2430,34094
2020-03-12,shanxi,245,2,232
2020-03-12,macau,10,0,10
2020-03-12,taiwan,49,1,17
2020-03-12,jilin,93,1,92
2020-03-12,hubei_non_wuhan,17795,626,16222
2020-03-12,henan,1273,22,1249
2020-03-12,tianjin,136,3,132
2020-03-12,hongkong ,131,3,67
2020-03-12,guangxi,252,2,244
2020-03-12,hainan,168,6,160
2020-03-12,beijing,435,8,334
2020-03-12,qinghai,18,0,18
2020-03-12,sichuan,539,3,495
2020-03-12,guizhou,146,2,137
2020-03-12,liaoning,125,1,112
2020-03-11,jiangsu,631,0,627
2020-03-11,shandong,760,6,726
2020-03-11,jiangxi,935,1,932
2020-03-11,fujian,296,1,295
2020-03-11,anhui,990,6,984
2020-03-11,henan,1273,22,1249
2020-03-11,zhejiang,1215,1,1207
2020-03-11,shanxi,133,0,131
2020-03-11,shanghai,344,3,320
2020-03-11,heilongjiang,482,13,435
2020-03-11,jilin,93,1,91
2020-03-11,liaoning,125,1,111
2020-03-11,chongqing,576,6,549
2020-03-11,hubei_non_wuhan,17795,623,16017
2020-03-11,hunan,1018,4,995
2020-03-11,sichuan,539,3,485
2020-03-11,neimenggu,75,1,71
2020-03-11,guizhou,146,2,133
2020-03-11,hainan,168,6,159
2020-03-11,wuhan,49978,2423,33117
2020-03-11,taiwan,48,1,17
2020-03-11,guangdong,1356,8,1282
2020-03-11,guangxi,252,2,237
2020-03-11,macau,10,0,10
2020-03-11,shanxi,245,1,232
2020-03-11,ningxia,75,0,72
2020-03-11,hongkong ,126,3,65
2020-03-11,xizang,1,0,1
2020-03-11,xinjiang,76,3,73
2020-03-11,qinghai,18,0,18
2020-03-11,tianjin,136,3,132
2020-03-11,hebei,318,6,307
2020-03-11,yunnan,174,2,170
2020-03-11,beijing,435,8,326
2020-03-11,gansu,127,2,88
2020-03-10,shanxi,133,0,128
2020-03-10,henan,1272,22,1247
2020-03-10,qinghai,18,0,18
2020-03-10,fujian,296,1,295
2020-03-10,liaoning,125,1,111
2020-03-10,jilin,93,1,91
2020-03-10,heilongjiang,481,13,434
2020-03-10,shanghai,344,3,319
2020-03-10,jiangsu,631,0,627
2020-03-10,zhejiang,1215,1,1202
2020-03-10,anhui,990,6,984
2020-03-10,beijing,429,8,321
2020-03-10,taiwan,47,1,15
2020-03-10,hunan,1018,4,990
2020-03-10,shandong,758,6,720
2020-03-10,macau,10,0,10
2020-03-10,guangxi,252,2,235
2020-03-10,shanxi,245,1,227
2020-03-10,hebei,318,6,307
2020-03-10,xizang,1,0,1
2020-03-10,tianjin,136,3,131
2020-03-10,hongkong ,119,3,60
2020-03-10,hainan,168,6,160
2020-03-10,jiangxi,935,1,927
2020-03-10,guizhou,146,2,129
2020-03-10,ningxia,75,0,71
2020-03-10,chongqing,576,6,542
2020-03-10,guangdong,1353,8,1274
2020-03-10,yunnan,174,2,170
2020-03-10,xinjiang,76,3,73
2020-03-10,neimenggu,75,1,70
2020-03-10,gansu,125,2,88
2020-03-10,sichuan,539,3,479
2020-03-10,wuhan,49965,2404,31974
2020-03-10,hubei_non_wuhan,17795,620,15764
2020-03-09,hebei,318,6,307
2020-03-09,jiangxi,935,1,923
2020-03-09,neimenggu,75,1,70
2020-03-09,guangxi,252,2,230
2020-03-09,gansu,124,2,88
2020-03-09,beijing,428,8,315
2020-03-09,xinjiang,76,3,73
2020-03-09,sichuan,539,3,468
2020-03-09,qinghai,18,0,18
2020-03-09,hongkong ,115,3,59
2020-03-09,hunan,1018,4,979
2020-03-09,hainan,168,6,159
2020-03-09,taiwan,45,1,15
2020-03-09,macau,10,0,10
2020-03-09,guangdong,1353,8,1260
2020-03-09,xizang,1,0,1
2020-03-09,wuhan,49948,2389,30985
2020-03-09,henan,1272,22,1248
2020-03-09,yunnan,174,2,170
2020-03-09,shandong,758,6,700
2020-03-09,liaoning,125,1,110
2020-03-09,hubei_non_wuhan,17795,619,15500
2020-03-09,shanxi,245,1,227
2020-03-09,fujian,296,1,295
2020-03-09,shanxi,133,0,127
2020-03-09,ningxia,75,0,71
2020-03-09,guizhou,146,2,123
2020-03-09,chongqing,576,6,534
2020-03-09,tianjin,136,3,130
2020-03-09,jilin,93,1,91
2020-03-09,shanghai,342,3,315
2020-03-09,jiangsu,631,0,621
2020-03-09,zhejiang,1215,1,1189
2020-03-09,heilongjiang,481,13,431
2020-03-09,anhui,990,6,984
2020-03-08,henan,1272,22,1248
2020-03-08,hunan,1018,4,968
2020-03-08,hainan,168,6,159
2020-03-08,neimenggu,75,1,70
2020-03-08,xinjiang,76,3,73
2020-03-08,yunnan,174,2,170
2020-03-08,guangdong,1352,7,1253
2020-03-08,chongqing,576,6,526
2020-03-08,gansu,124,2,87
2020-03-08,ningxia,75,0,71
2020-03-08,guizhou,146,2,117
2020-03-08,jiangxi,935,1,919
2020-03-08,fujian,296,1,295
2020-03-08,tianjin,136,3,129
2020-03-08,shandong,758,6,642
2020-03-08,shanxi,133,0,126
2020-03-08,anhui,990,6,984
2020-03-08,zhejiang,1215,1,1173
2020-03-08,jiangsu,631,0,612
2020-03-08,shanghai,342,3,314
2020-03-08,heilongjiang,481,13,412
2020-03-08,jilin,93,1,90
2020-03-08,liaoning,125,1,109
2020-03-08,wuhan,49912,2370,29908
2020-03-08,taiwan,45,1,15
2020-03-08,qinghai,18,0,18
2020-03-08,sichuan,539,3,464
2020-03-08,macau,10,0,10
2020-03-08,xizang,1,0,1
2020-03-08,shanxi,245,1,227
2020-03-08,hubei_non_wuhan,17795,616,15248
2020-03-08,beijing,428,8,308
2020-03-08,hebei,318,6,307
2020-03-08,hongkong ,114,3,58
2020-03-08,guangxi,252,2,223
2020-03-07,shanxi,245,1,226
2020-03-07,shanghai,342,3,313
2020-03-07,tianjin,136,3,128
2020-03-07,fujian,296,1,295
2020-03-07,wuhan,49871,2349,28563
2020-03-07,anhui,990,6,979
2020-03-07,zhejiang,1215,1,1166
2020-03-07,jiangsu,631,0,606
2020-03-07,shandong,758,6,628
2020-03-07,heilongjiang,481,13,403
2020-03-07,henan,1272,22,1244
2020-03-07,liaoning,125,1,107
2020-03-07,chongqing,576,6,520
2020-03-07,guizhou,146,2,117
2020-03-07,ningxia,75,0,71
2020-03-07,shanxi,133,0,126
2020-03-07,jilin,93,1,90
2020-03-07,hubei_non_wuhan,17795,610,14964
2020-03-07,neimenggu,75,1,67
2020-03-07,hainan,168,6,158
2020-03-07,gansu,120,2,87
2020-03-07,hunan,1018,4,960
2020-03-07,taiwan,45,1,13
2020-03-07,xizang,1,0,1
2020-03-07,macau,10,0,10
2020-03-07,hebei,318,6,307
2020-03-07,guangdong,1352,7,1240
2020-03-07,guangxi,252,2,219
2020-03-07,hongkong ,108,2,51
2020-03-07,qinghai,18,0,18
2020-03-07,sichuan,539,3,454
2020-03-07,xinjiang,76,3,72
2020-03-07,yunnan,174,2,170
2020-03-07,jiangxi,935,1,916
2020-03-07,beijing,426,8,303
2020-03-06,jiangsu,631,0,594
2020-03-06,yunnan,174,2,170
2020-03-06,liaoning,125,1,106
2020-03-06,neimenggu,75,1,65
2020-03-06,shanxi,133,0,126
2020-03-06,hunan,1018,4,955
2020-03-06,hebei,318,6,305
2020-03-06,shanxi,245,1,226
2020-03-06,heilongjiang,481,13,396
2020-03-06,guangxi,252,2,217
2020-03-06,hongkong ,107,2,46
2020-03-06,tianjin,136,3,128
2020-03-06,fujian,296,1,284
2020-03-06,xinjiang,76,3,71
2020-03-06,guangdong,1352,7,1218
2020-03-06,shanghai,342,3,306
2020-03-06,taiwan,45,1,12
2020-03-06,hainan,168,6,158
2020-03-06,anhui,990,6,975
2020-03-06,guizhou,146,2,114
2020-03-06,ningxia,75,0,71
2020-03-06,gansu,119,2,87
2020-03-06,sichuan,539,3,435
2020-03-06,xizang,1,0,1
2020-03-06,zhejiang,1215,1,1159
2020-03-06,shandong,758,6,618
2020-03-06,qinghai,18,0,18
2020-03-06,jiangxi,935,1,908
2020-03-06,beijing,422,8,299
2020-03-06,macau,10,0,10
2020-03-06,henan,1272,22,1244
2020-03-06,chongqing,576,6,513
2020-03-06,hubei_non_wuhan,17795,603,14613
2020-03-06,jilin,93,1,90
2020-03-06,wuhan,49797,2328,27420
2020-03-05,macau,10,0,9
2020-03-05,tianjin,136,3,128
2020-03-05,xizang,1,0,1
2020-03-05,ningxia,75,0,69
2020-03-05,jiangsu,631,0,583
2020-03-05,anhui,990,6,963
2020-03-05,neimenggu,75,1,64
2020-03-05,liaoning,125,1,106
2020-03-05,heilongjiang,481,13,379
2020-03-05,shanghai,339,3,303
2020-03-05,hunan,1018,4,937
2020-03-05,fujian,296,1,277
2020-03-05,hebei,318,6,304
2020-03-05,shandong,758,6,578
2020-03-05,hubei_non_wuhan,17795,597,14174
2020-03-05,wuhan,49671,2305,26404
2020-03-05,guangdong,1351,7,1184
2020-03-05,guizhou,146,2,114
2020-03-05,chongqing,576,6,502
2020-03-05,zhejiang,1215,1,1136
2020-03-05,jilin,93,1,87
2020-03-05,hongkong ,104,2,46
2020-03-05,yunnan,174,2,169
2020-03-05,jiangxi,935,1,901
2020-03-05,beijing,418,8,297
2020-03-05,guangxi,252,2,215
2020-03-05,taiwan,44,1,12
2020-03-05,shanxi,133,0,126
2020-03-05,sichuan,539,3,424
2020-03-05,henan,1272,22,1245
2020-03-05,gansu,102,2,87
2020-03-05,qinghai,18,0,18
2020-03-05,hainan,168,6,158
2020-03-05,shanxi,245,1,224
2020-03-05,xinjiang,76,3,70
2020-03-04,hebei,318,6,301
2020-03-04,hongkong ,104,2,43
2020-03-04,beijing,418,8,297
2020-03-04,xizang,1,0,1
2020-03-04,ningxia,75,0,69
2020-03-04,shanxi,133,0,124
2020-03-04,tianjin,136,3,128
2020-03-04,xinjiang,76,3,69
2020-03-04,fujian,296,1,270
2020-03-04,yunnan,174,2,169
2020-03-04,guangdong,1350,7,1159
2020-03-04,shanghai,338,3,298
2020-03-04,zhejiang,1215,1,1130
2020-03-04,taiwan,42,1,12
2020-03-04,gansu,91,2,87
2020-03-04,wuhan,49540,2282,24892
2020-03-04,sichuan,539,3,418
2020-03-04,macau,10,0,9
2020-03-04,jilin,93,1,86
2020-03-04,shandong,758,6,576
2020-03-04,guizhou,146,2,114
2020-03-04,henan,1272,22,1239
2020-03-04,heilongjiang,481,13,379
2020-03-04,neimenggu,75,1,63
2020-03-04,liaoning,125,1,106
2020-03-04,jiangsu,631,0,580
2020-03-04,hunan,1018,4,933
2020-03-04,anhui,990,6,956
2020-03-04,qinghai,18,0,18
2020-03-04,guangxi,252,2,213
2020-03-04,hainan,168,5,158
2020-03-04,chongqing,576,6,502
2020-03-04,hubei_non_wuhan,17926,620,15587
2020-03-04,shanxi,245,1,222
2020-03-04,jiangxi,935,1,901
2020-03-03,shandong,758,6,511
2020-03-03,hebei,318,6,300
2020-03-03,neimenggu,75,1,59
2020-03-03,yunnan,174,2,169
2020-03-03,hunan,1018,4,913
2020-03-03,wuhan,49426,2252,23063
2020-03-03,macau,10,0,9
2020-03-03,heilongjiang,480,13,372
2020-03-03,taiwan,42,1,12
2020-03-03,jilin,93,1,84
2020-03-03,guangxi,252,2,210
2020-03-03,hongkong ,100,2,37
2020-03-03,chongqing,576,6,490
2020-03-03,shanghai,338,3,294
2020-03-03,gansu,91,2,86
2020-03-03,qinghai,18,0,18
2020-03-03,jiangsu,631,0,565
2020-03-03,liaoning,125,1,106
2020-03-03,jiangxi,935,1,884
2020-03-03,hubei_non_wuhan,17906,619,15493
2020-03-03,tianjin,136,3,124
2020-03-03,xinjiang,76,3,68
2020-03-03,guizhou,146,2,114
2020-03-03,anhui,990,6,941
2020-03-03,sichuan,538,3,400
2020-03-03,guangdong,1350,7,1129
2020-03-03,zhejiang,1213,1,1107
2020-03-03,xizang,1,0,1
2020-03-03,shanxi,245,1,218
2020-03-03,shanxi,133,0,124
2020-03-03,ningxia,75,0,69
2020-03-03,hainan,168,5,155
2020-03-03,henan,1272,22,1234
2020-03-03,fujian,296,1,261
2020-03-03,beijing,417,8,294
2020-03-02,henan,1272,22,1223
2020-03-02,neimenggu,75,0,54
2020-03-02,fujian,296,1,255
2020-03-02,hunan,1018,4,892
2020-03-02,xizang,1,0,1
2020-03-02,hubei_non_wuhan,17902,607,14818
2020-03-02,tianjin,136,3,118
2020-03-02,sichuan,538,3,389
2020-03-02,shanxi,245,1,216
2020-03-02,xinjiang,76,3,67
2020-03-02,shanxi,133,0,119
2020-03-02,guizhou,146,2,114
2020-03-02,jiangxi,935,1,870
2020-03-02,yunnan,174,2,168
2020-03-02,shandong,758,6,497
2020-03-02,jiangsu,631,0,555
2020-03-02,zhejiang,1213,1,1086
2020-03-02,ningxia,74,0,69
2020-03-02,hebei,318,6,297
2020-03-02,macau,10,0,8
2020-03-02,wuhan,49315,2227,21349
2020-03-02,heilongjiang,480,13,358
2020-03-02,shanghai,338,3,292
2020-03-02,anhui,990,6,917
2020-03-02,gansu,91,2,85
2020-03-02,jilin,93,1,83
2020-03-02,hongkong ,100,2,36
2020-03-02,beijing,414,8,288
2020-03-02,liaoning,125,1,103
2020-03-02,guangxi,252,2,202
2020-03-02,chongqing,576,6,469
2020-03-02,guangdong,1350,7,1081
2020-03-02,hainan,168,5,151
2020-03-02,qinghai,18,0,18
2020-03-02,taiwan,41,1,12
2020-03-01,jiangsu,631,0,536
2020-03-01,shanghai,337,3,290
2020-03-01,jiangxi,935,1,850
2020-03-01,jilin,93,1,78
2020-03-01,macau,10,0,8
2020-03-01,henan,1272,22,1205
2020-03-01,hebei,318,6,294
2020-03-01,shanxi,133,0,116
2020-03-01,xinjiang,76,3,64
2020-03-01,sichuan,538,3,378
2020-03-01,hubei_non_wuhan,17981,608,14223
2020-03-01,wuhan,49122,2195,19534
2020-03-01,ningxia,74,0,69
2020-03-01,heilongjiang,480,13,350
2020-03-01,yunnan,174,2,163
2020-03-01,xizang,1,0,1
2020-03-01,guizhou,146,2,114
2020-03-01,guangdong,1350,7,1034
2020-03-01,fujian,296,1,247
2020-03-01,gansu,91,2,84
2020-03-01,hongkong ,98,2,36
2020-03-01,guangxi,252,2,188
2020-03-01,zhejiang,1206,1,1050
2020-03-01,hunan,1018,4,876
2020-03-01,anhui,990,6,888
2020-03-01,taiwan,40,1,12
2020-03-01,shanxi,245,1,209
2020-03-01,hainan,168,5,151
2020-03-01,tianjin,136,3,111
2020-03-01,shandong,758,6,455
2020-03-01,qinghai,18,0,18
2020-03-01,beijing,414,8,282
2020-03-01,liaoning,122,1,103
2020-03-01,chongqing,576,6,450
2020-03-01,neimenggu,75,0,51
2020-02-29,jiangxi,935,1,831
2020-02-29,taiwan,39,1,9
2020-02-29,henan,1272,22,1185
2020-02-29,hongkong ,95,2,33
2020-02-29,qinghai,18,0,18
2020-02-29,hebei,318,6,283
2020-02-29,yunnan,174,2,157
2020-02-29,heilongjiang,480,13,330
2020-02-29,anhui,990,6,868
2020-02-29,shanghai,337,3,287
2020-02-29,gansu,91,2,82
2020-02-29,neimenggu,75,0,51
2020-02-29,sichuan,538,3,363
2020-02-29,xizang,1,0,1
2020-02-29,jiangsu,631,0,529
2020-02-29,zhejiang,1205,1,1027
2020-02-29,hunan,1018,4,853
2020-02-29,wuhan,48557,2169,17656
2020-02-29,shanxi,245,1,207
2020-02-29,shanxi,133,0,114
2020-02-29,jilin,93,1,75
2020-02-29,guangxi,252,2,179
2020-02-29,guizhou,146,2,112
2020-02-29,tianjin,136,3,109
2020-02-29,chongqing,576,6,438
2020-02-29,macau,10,0,8
2020-02-29,hainan,168,5,148
2020-02-29,beijing,413,8,276
2020-02-29,xinjiang,76,3,62
2020-02-29,liaoning,122,1,101
2020-02-29,fujian,296,1,243
2020-02-29,hubei_non_wuhan,18350,592,13531
2020-02-29,guangdong,1349,7,1009
2020-02-29,ningxia,73,0,69
2020-02-29,shandong,756,6,431
2020-02-28,jiangsu,631,0,519
2020-02-28,wuhan,48137,2132,15853
2020-02-28,qinghai,18,0,18
2020-02-28,anhui,990,6,842
2020-02-28,sichuan,538,3,350
2020-02-28,tianjin,136,3,105
2020-02-28,macau,10,0,8
2020-02-28,guizhou,146,2,112
2020-02-28,chongqing,576,6,422
2020-02-28,shanxi,133,0,112
2020-02-28,hongkong ,94,2,30
2020-02-28,beijing,411,8,271
2020-02-28,shanghai,337,3,279
2020-02-28,guangdong,1349,7,972
2020-02-28,jiangxi,935,1,811
2020-02-28,xinjiang,76,3,52
2020-02-28,fujian,296,1,241
2020-02-28,taiwan,34,1,9
2020-02-28,hunan,1018,4,841
2020-02-28,henan,1272,21,1161
2020-02-28,xizang,1,0,1
2020-02-28,guangxi,252,2,172
2020-02-28,heilongjiang,480,13,295
2020-02-28,yunnan,174,2,156
2020-02-28,hainan,168,5,136
2020-02-28,ningxia,73,0,68
2020-02-28,shanxi,245,1,200
2020-02-28,hebei,318,6,277
2020-02-28,liaoning,121,1,95
2020-02-28,shandong,756,6,411
2020-02-28,gansu,91,2,82
2020-02-28,neimenggu,75,0,46
2020-02-28,jilin,93,1,73
2020-02-28,zhejiang,1205,1,987
2020-02-28,hubei_non_wuhan,18200,595,13042
2020-02-27,sichuan,538,3,326
2020-02-27,gansu,91,2,82
2020-02-27,shandong,756,6,390
2020-02-27,zhejiang,1205,1,943
2020-02-27,macau,10,0,8
2020-02-27,neimenggu,75,0,43
2020-02-27,hongkong ,93,2,26
2020-02-27,shanxi,245,1,197
2020-02-27,xizang,1,0,1
2020-02-27,beijing,410,7,257
2020-02-27,chongqing,576,6,401
2020-02-27,jiangsu,631,0,506
2020-02-27,anhui,990,6,814
2020-02-27,yunnan,174,2,150
2020-02-27,guizhou,146,2,112
2020-02-27,hubei_non_wuhan,18090,578,12929
2020-02-27,tianjin,136,3,102
2020-02-27,ningxia,72,0,68
2020-02-27,hunan,1017,4,820
2020-02-27,wuhan,47824,2104,13474
2020-02-27,guangxi,252,2,166
2020-02-27,qinghai,18,0,18
2020-02-27,fujian,296,1,232
2020-02-27,heilongjiang,480,13,280
2020-02-27,shanxi,133,0,107
2020-02-27,shanghai,337,3,276
2020-02-27,guangdong,1348,7,919
2020-02-27,liaoning,121,1,93
2020-02-27,henan,1272,20,1103
2020-02-27,hainan,168,5,132
2020-02-27,taiwan,32,1,6
2020-02-27,hebei,318,6,274
2020-02-27,jilin,93,1,68
2020-02-27,jiangxi,935,1,790
2020-02-27,xinjiang,76,3,43
2020-02-26,hubei_non_wuhan,18155,556,11384
2020-02-26,guizhou,146,2,112
2020-02-26,wuhan,47441,2085,11816
2020-02-26,anhui,989,6,764
2020-02-26,guangxi,252,2,159
2020-02-26,xizang,1,0,1
2020-02-26,fujian,296,1,225
2020-02-26,shanghai,337,3,272
2020-02-26,jiangsu,631,0,494
2020-02-26,taiwan,32,1,5
2020-02-26,hainan,168,5,129
2020-02-26,neimenggu,75,0,38
2020-02-26,ningxia,72,0,65
2020-02-26,jilin,93,1,65
2020-02-26,shanxi,245,1,194
2020-02-26,xinjiang,76,2,34
2020-02-26,guangdong,1347,7,873
2020-02-26,hunan,1017,4,793
2020-02-26,gansu,91,2,81
2020-02-26,jiangxi,934,1,754
2020-02-26,henan,1272,20,1062
2020-02-26,hebei,317,6,261
2020-02-26,sichuan,534,3,310
2020-02-26,beijing,410,5,248
2020-02-26,qinghai,18,0,18
2020-02-26,hongkong ,91,2,24
2020-02-26,liaoning,121,1,92
2020-02-26,chongqing,576,6,384
2020-02-26,shandong,756,6,381
2020-02-26,shanxi,133,0,104
2020-02-26,heilongjiang,480,13,262
2020-02-26,macau,10,0,7
2020-02-26,zhejiang,1205,1,881
2020-02-26,yunnan,174,2,144
2020-02-26,tianjin,135,3,96
2020-02-25,shanxi,133,0,98
2020-02-25,henan,1271,19,1023
2020-02-25,hainan,168,5,124
2020-02-25,zhejiang,1205,1,814
2020-02-25,taiwan,31,1,5
2020-02-25,macau,10,0,7
2020-02-25,beijing,400,4,235
2020-02-25,sichuan,531,3,292
2020-02-25,neimenggu,75,0,35
2020-02-25,hunan,1016,4,779
2020-02-25,jiangxi,934,1,719
2020-02-25,guangxi,252,2,138
2020-02-25,xinjiang,76,2,30
2020-02-25,guangdong,1347,7,841
2020-02-25,shanghai,336,3,268
2020-02-25,tianjin,135,3,91
2020-02-25,ningxia,71,0,61
2020-02-25,anhui,989,6,727
2020-02-25,liaoning,121,1,88
2020-02-25,gansu,91,2,80
2020-02-25,jilin,93,1,63
2020-02-25,hebei,312,6,248
2020-02-25,shanxi,245,1,186
2020-02-25,hongkong ,85,2,18
2020-02-25,heilongjiang,480,12,245
2020-02-25,jiangsu,631,0,463
2020-02-25,xizang,1,0,1
2020-02-25,fujian,294,1,205
2020-02-25,qinghai,18,0,18
2020-02-25,yunnan,174,2,129
2020-02-25,shandong,756,6,357
2020-02-25,guizhou,146,2,104
2020-02-25,wuhan,47071,2043,10364
2020-02-25,chongqing,576,6,372
2020-02-25,hubei_non_wuhan,18116,572,10548
2020-02-24,jilin,93,1,60
2020-02-24,ningxia,71,0,58
2020-02-24,hongkong ,81,2,18
2020-02-24,chongqing,576,6,349
2020-02-24,jiangsu,631,0,458
2020-02-24,liaoning,121,1,83
2020-02-24,hainan,168,5,116
2020-02-24,guangxi,252,2,129
2020-02-24,taiwan,30,1,5
2020-02-24,xinjiang,76,2,30
2020-02-24,shanghai,335,3,261
2020-02-24,neimenggu,75,0,34
2020-02-24,shanxi,245,1,175
2020-02-24,xizang,1,0,1
2020-02-24,sichuan,529,3,278
2020-02-24,jiangxi,934,1,682
2020-02-24,anhui,989,6,692
2020-02-24,henan,1271,19,989
2020-02-24,wuhan,46607,1987,8950
2020-02-24,guangdong,1347,7,805
2020-02-24,heilongjiang,480,12,232
2020-02-24,hebei,311,6,241
2020-02-24,hubei_non_wuhan,18179,576,9904
2020-02-24,gansu,91,2,80
2020-02-24,zhejiang,1205,1,794
2020-02-24,fujian,294,1,188
2020-02-24,hunan,1016,4,751
2020-02-24,yunnan,174,2,124
2020-02-24,tianjin,135,3,87
2020-02-24,beijing,400,4,215
2020-02-24,shanxi,133,0,94
2020-02-24,macau,10,0,6
2020-02-24,qinghai,18,0,18
2020-02-24,guizhou,146,2,103
2020-02-24,shandong,755,6,343
2020-02-23,chongqing,575,6,335
2020-02-23,neimenggu,75,0,30
2020-02-23,jiangxi,934,1,645
2020-02-23,yunnan,174,2,115
2020-02-23,beijing,399,4,198
2020-02-23,fujian,293,1,174
2020-02-23,guizhou,146,2,102
2020-02-23,zhejiang,1205,1,765
2020-02-23,shanghai,335,3,249
2020-02-23,gansu,91,2,78
2020-02-23,shanxi,245,1,153
2020-02-23,sichuan,527,3,263
2020-02-23,shanxi,132,0,88
2020-02-23,heilongjiang,480,12,224
2020-02-23,xinjiang,76,2,28
2020-02-23,hunan,1016,4,721
2020-02-23,hebei,311,6,221
2020-02-23,anhui,989,6,648
2020-02-23,hubei_non_wuhan,18086,639,8552
2020-02-23,wuhan,46201,1856,8186
2020-02-23,hainan,168,5,106
2020-02-23,henan,1271,19,930
2020-02-23,xizang,1,0,1
2020-02-23,qinghai,18,0,18
2020-02-23,taiwan,28,1,5
2020-02-23,tianjin,135,3,81
2020-02-23,shandong,755,4,325
2020-02-23,hongkong ,74,2,12
2020-02-23,guangxi,251,2,107
2020-02-23,ningxia,71,0,57
2020-02-23,guangdong,1345,6,772
2020-02-23,jiangsu,631,0,427
2020-02-23,liaoning,121,1,73
2020-02-23,jilin,93,1,54
2020-02-23,macau,10,0,6
2020-02-22,chongqing,573,6,328
2020-02-22,beijing,399,4,189
2020-02-22,hebei,311,6,204
2020-02-22,macau,10,0,6
2020-02-22,guangxi,249,2,104
2020-02-22,sichuan,526,3,256
2020-02-22,gansu,91,2,76
2020-02-22,heilongjiang,480,12,215
2020-02-22,henan,1271,19,861
2020-02-22,wuhan,45660,1774,7278
2020-02-22,taiwan,26,1,2
2020-02-22,hainan,168,4,104
2020-02-22,tianjin,135,3,65
2020-02-22,yunnan,174,2,107
2020-02-22,shanghai,335,3,227
2020-02-22,shandong,754,4,311
2020-02-22,guangdong,1342,6,740
2020-02-22,hubei_non_wuhan,18229,572,8021
2020-02-22,jilin,91,1,52
2020-02-22,anhui,989,6,620
2020-02-22,xizang,1,0,1
2020-02-22,jiangsu,631,0,411
2020-02-22,fujian,293,1,165
2020-02-22,xinjiang,76,2,25
2020-02-22,hongkong ,69,2,11
2020-02-22,hunan,1016,4,704
2020-02-22,guizhou,146,2,91
2020-02-22,qinghai,18,0,18
2020-02-22,zhejiang,1205,1,729
2020-02-22,jiangxi,934,1,611
2020-02-22,ningxia,71,0,48
2020-02-22,shanxi,132,0,81
2020-02-22,neimenggu,75,0,26
2020-02-22,liaoning,121,1,68
2020-02-22,shanxi,245,1,140
2020-02-21,guizhou,146,2,90
2020-02-21,jilin,91,1,46
2020-02-21,hainan,168,4,96
2020-02-21,guangxi,249,2,99
2020-02-21,liaoning,121,1,66
2020-02-21,macau,10,0,6
2020-02-21,yunnan,174,2,96
2020-02-21,taiwan,26,1,2
2020-02-21,shanxi,132,0,78
2020-02-21,shanxi,245,1,117
2020-02-21,hongkong ,68,2,6
2020-02-21,beijing,399,4,178
2020-02-21,hunan,1013,4,670
2020-02-21,qinghai,18,0,18
2020-02-21,ningxia,71,0,48
2020-02-21,henan,1270,19,802
2020-02-21,chongqing,572,6,316
2020-02-21,xinjiang,76,2,24
2020-02-21,jiangxi,934,1,544
2020-02-21,zhejiang,1205,1,694
2020-02-21,gansu,91,2,76
2020-02-21,sichuan,526,3,242
2020-02-21,hebei,309,6,184
2020-02-21,tianjin,133,3,62
2020-02-21,guangdong,1339,5,720
2020-02-21,shanghai,334,3,211
2020-02-21,neimenggu,75,0,22
2020-02-21,jiangsu,631,0,387
2020-02-21,heilongjiang,479,12,183
2020-02-21,fujian,293,1,150
2020-02-21,xizang,1,0,1
2020-02-21,shandong,750,4,293
2020-02-21,anhui,989,6,566
2020-02-21,wuhan,45346,1684,6280
2020-02-21,hubei_non_wuhan,18108,566,7277
2020-02-20,qinghai,18,0,16
2020-02-20,yunnan,174,2,79
2020-02-20,xizang,1,0,1
2020-02-20,shanghai,334,2,199
2020-02-20,shandong,748,4,270
2020-02-20,guizhou,146,2,76
2020-02-20,zhejiang,1203,1,647
2020-02-20,beijing,396,4,169
2020-02-20,heilongjiang,479,12,141
2020-02-20,jiangxi,934,1,489
2020-02-20,gansu,91,2,71
2020-02-20,sichuan,525,3,222
2020-02-20,henan,1267,19,717
2020-02-20,jilin,91,1,44
2020-02-20,anhui,988,6,500
2020-02-20,wuhan,45027,1585,5573
2020-02-20,taiwan,24,1,2
2020-02-20,guangdong,1333,5,664
2020-02-20,ningxia,71,0,44
2020-02-20,hainan,168,4,89
2020-02-20,hubei_non_wuhan,18061,559,6215
2020-02-20,fujian,293,1,134
2020-02-20,hebei,308,5,170
2020-02-20,chongqing,567,6,299
2020-02-20,shanxi,245,1,110
2020-02-20,xinjiang,76,1,22
2020-02-20,hongkong ,68,2,5
2020-02-20,macau,10,0,6
2020-02-20,hunan,1011,4,638
2020-02-20,tianjin,131,3,59
2020-02-20,guangxi,246,2,95
2020-02-20,jiangsu,631,0,352
2020-02-20,shanxi,132,0,76
2020-02-20,liaoning,121,1,61
2020-02-20,neimenggu,75,0,16
2020-02-19,heilongjiang,476,12,123
2020-02-19,liaoning,121,1,58
2020-02-19,henan,1265,19,614
2020-02-19,xinjiang,76,1,20
2020-02-19,gansu,91,2,65
2020-02-19,shanxi,242,0,89
2020-02-19,wuhan,44412,1497,4990
2020-02-19,sichuan,520,3,198
2020-02-19,xizang,1,0,1
2020-02-19,tianjin,130,3,54
2020-02-19,hebei,307,5,152
2020-02-19,anhui,987,6,424
2020-02-19,qinghai,18,0,16
2020-02-19,shanghai,333,2,186
2020-02-19,ningxia,71,0,42
2020-02-19,hongkong ,65,2,5
2020-02-19,hainan,168,4,84
2020-02-19,zhejiang,1175,0,609
2020-02-19,jiangsu,631,0,325
2020-02-19,jiangxi,934,1,432
2020-02-19,guangxi,245,2,87
2020-02-19,taiwan,24,1,2
2020-02-19,neimenggu,75,0,11
2020-02-19,macau,10,0,6
2020-02-19,shandong,546,4,238
2020-02-19,chongqing,560,5,274
2020-02-19,shanxi,131,0,68
2020-02-19,guangdong,1332,5,619
2020-02-19,hunan,1010,4,578
2020-02-19,jilin,91,1,40
2020-02-19,fujian,293,1,112
2020-02-19,beijing,395,4,153
2020-02-19,hubei_non_wuhan,18045,532,5347
2020-02-19,guizhou,146,2,71
2020-02-19,yunnan,172,1,60
2020-02-18,hubei_non_wuhan,18930,540,4875
2020-02-18,heilongjiang,470,12,108
2020-02-18,shanxi,131,0,61
2020-02-18,ningxia,71,0,42
2020-02-18,jiangxi,933,1,362
2020-02-18,hebei,306,4,136
2020-02-18,xizang,1,0,1
2020-02-18,chongqing,555,5,254
2020-02-18,zhejiang,1173,0,544
2020-02-18,guizhou,146,2,69
2020-02-18,guangdong,1331,5,571
2020-02-18,beijing,393,4,145
2020-02-18,jilin,90,1,36
2020-02-18,shanghai,333,1,177
2020-02-18,hongkong ,62,1,4
2020-02-18,yunnan,172,0,57
2020-02-18,neimenggu,75,0,9
2020-02-18,jiangsu,631,0,296
2020-02-18,tianjin,128,3,48
2020-02-18,qinghai,18,0,15
2020-02-18,shandong,544,3,215
2020-02-18,macau,10,0,5
2020-02-18,xinjiang,76,1,14
2020-02-18,liaoning,121,1,55
2020-02-18,wuhan,42752,1381,4253
2020-02-18,anhui,986,6,361
2020-02-18,shanxi,240,0,89
2020-02-18,fujian,293,0,96
2020-02-18,hunan,1008,4,542
2020-02-18,hainan,163,4,79
2020-02-18,taiwan,22,1,2
2020-02-18,guangxi,244,2,76
2020-02-18,gansu,91,2,62
2020-02-18,sichuan,514,3,177
2020-02-18,henan,1261,19,552
2020-02-17,hunan,1007,4,501
2020-02-17,shanghai,333,1,161
2020-02-17,yunnan,172,0,47
2020-02-17,shanxi,240,0,79
2020-02-17,sichuan,508,3,163
2020-02-17,hebei,302,4,123
2020-02-17,fujian,292,0,91
2020-02-17,xizang,1,0,1
2020-02-17,hainan,163,4,59
2020-02-17,anhui,982,6,293
2020-02-17,liaoning,121,1,43
2020-02-17,zhejiang,1172,0,514
2020-02-17,henan,1257,19,505
2020-02-17,shanxi,130,0,53
2020-02-17,beijing,387,4,122
2020-02-17,guizhou,146,1,66
2020-02-17,neimenggu,73,0,8
2020-02-17,xinjiang,76,1,12
2020-02-17,taiwan,22,1,2
2020-02-17,chongqing,553,5,225
2020-02-17,jiangxi,933,1,310
2020-02-17,qinghai,18,0,13
2020-02-17,jilin,89,1,34
2020-02-17,tianjin,125,3,46
2020-02-17,guangxi,242,2,58
2020-02-17,macau,10,0,5
2020-02-17,hongkong ,60,1,2
2020-02-17,jiangsu,629,0,263
2020-02-17,ningxia,70,0,35
2020-02-17,gansu,91,2,58
2020-02-17,guangdong,1328,4,530
2020-02-17,heilongjiang,464,11,85
2020-02-17,shandong,543,2,193
2020-02-17,hubei_non_wuhan,18837,480,4404
2020-02-17,wuhan,41152,1309,3458
2020-02-16,hebei,301,3,109
2020-02-16,hunan,1006,3,467
2020-02-16,macau,10,0,5
2020-02-16,xizang,1,0,1
2020-02-16,qinghai,18,0,13
2020-02-16,guangdong,1322,4,473
2020-02-16,xinjiang,75,1,12
2020-02-16,fujian,290,0,84
2020-02-16,taiwan,20,1,2
2020-02-16,sichuan,495,3,136
2020-02-16,beijing,381,4,114
2020-02-16,gansu,90,2,54
2020-02-16,jilin,89,1,30
2020-02-16,guizhou,146,1,47
2020-02-16,chongqing,551,5,207
2020-02-16,shanghai,331,1,140
2020-02-16,guangxi,238,2,51
2020-02-16,neimenggu,72,0,8
2020-02-16,tianjin,124,3,45
2020-02-16,shandong,541,2,175
2020-02-16,yunnan,171,0,42
2020-02-16,wuhan,39462,1233,2937
2020-02-16,heilongjiang,457,11,80
2020-02-16,jiangxi,930,1,275
2020-02-16,liaoning,121,1,41
2020-02-16,anhui,973,6,266
2020-02-16,hainan,162,4,52
2020-02-16,jiangsu,626,0,226
2020-02-16,ningxia,70,0,33
2020-02-16,zhejiang,1171,0,470
2020-02-16,shanxi,129,0,50
2020-02-16,shanxi,236,0,64
2020-02-16,hubei_non_wuhan,18720,463,3702
2020-02-16,henan,1246,16,438
2020-02-16,hongkong ,57,1,2
2020-02-15,qinghai,18,0,13
2020-02-15,heilongjiang,445,11,70
2020-02-15,hubei_non_wuhan,18335,473,3021
2020-02-15,gansu,90,2,49
2020-02-15,shanxi,128,0,46
2020-02-15,zhejiang,1167,0,437
2020-02-15,taiwan,18,0,2
2020-02-15,anhui,962,6,232
2020-02-15,hongkong ,56,1,1
2020-02-15,guangdong,1316,2,436
2020-02-15,shanghai,328,1,124
2020-02-15,neimenggu,70,0,7
2020-02-15,jilin,89,1,28
2020-02-15,tianjin,122,3,37
2020-02-15,shandong,537,2,164
2020-02-15,henan,1231,13,397
2020-02-15,guizhou,144,1,37
2020-02-15,hunan,1004,3,430
2020-02-15,fujian,287,0,77
2020-02-15,liaoning,120,1,32
2020-02-15,xinjiang,71,1,11
2020-02-15,beijing,380,4,105
2020-02-15,guangxi,237,2,46
2020-02-15,hebei,300,3,100
2020-02-15,yunnan,169,0,42
2020-02-15,macau,10,0,3
2020-02-15,jiangsu,617,0,190
2020-02-15,sichuan,481,3,127
2020-02-15,ningxia,70,0,33
2020-02-15,jiangxi,925,1,239
2020-02-15,shanxi,232,0,53
2020-02-15,xizang,1,0,1
2020-02-15,chongqing,544,5,184
2020-02-15,hainan,162,4,39
2020-02-15,wuhan,37914,1123,2602
2020-02-14,henan,1212,13,356
2020-02-14,shanxi,127,0,38
2020-02-14,guangdong,1294,2,386
2020-02-14,chongqing,537,5,152
2020-02-14,hongkong ,56,1,1
2020-02-14,zhejiang,1162,0,409
2020-02-14,wuhan,35991,1016,2016
2020-02-14,hubei_non_wuhan,18415,441,2758
2020-02-14,yunnan,168,0,35
2020-02-14,ningxia,70,0,27
2020-02-14,hunan,1001,2,389
2020-02-14,guizhou,143,1,33
2020-02-14,taiwan,18,0,1
2020-02-14,shanghai,326,1,90
2020-02-14,shandong,530,2,139
2020-02-14,xizang,1,0,1
2020-02-14,gansu,90,2,44
2020-02-14,jiangxi,913,1,210
2020-02-14,liaoning,119,1,29
2020-02-14,tianjin,120,3,32
2020-02-14,macau,10,0,3
2020-02-14,xinjiang,70,1,6
2020-02-14,neimenggu,68,0,6
2020-02-14,anhui,950,6,198
2020-02-14,fujian,285,0,66
2020-02-14,hebei,291,3,86
2020-02-14,jiangsu,604,0,160
2020-02-14,hainan,162,4,38
2020-02-14,shanxi,230,0,49
2020-02-14,jilin,88,1,25
2020-02-14,beijing,375,4,97
2020-02-14,sichuan,470,1,115
2020-02-14,qinghai,18,0,11
2020-02-14,guangxi,235,2,40
2020-02-14,heilongjiang,425,11,48
2020-02-13,hebei,283,3,69
2020-02-13,henan,1184,11,313
2020-02-13,jilin,86,1,25
2020-02-13,xizang,1,0,1
2020-02-13,wuhan,32994,1036,1922
2020-02-13,beijing,372,3,79
2020-02-13,hubei_non_wuhan,18992,282,1940
2020-02-13,jiangxi,900,1,187
2020-02-13,zhejiang,1155,0,367
2020-02-13,hainan,157,4,30
2020-02-13,qinghai,18,0,11
2020-02-13,tianjin,119,3,21
2020-02-13,shandong,519,2,111
2020-02-13,neimenggu,65,0,6
2020-02-13,liaoning,116,1,22
2020-02-13,yunnan,162,0,27
2020-02-13,sichuan,463,1,105
2020-02-13,ningxia,67,0,24
2020-02-13,taiwan,18,0,1
2020-02-13,fujian,281,0,59
2020-02-13,hunan,988,2,352
2020-02-13,jiangsu,593,0,137
2020-02-13,shanxi,126,0,36
2020-02-13,anhui,934,6,166
2020-02-13,guangdong,1261,2,332
2020-02-13,shanxi,229,0,44
2020-02-13,guizhou,140,1,28
2020-02-13,xinjiang,65,1,6
2020-02-13,guangxi,226,2,35
2020-02-13,gansu,90,2,39
2020-02-13,hongkong ,53,1,1
2020-02-13,macau,10,0,3
2020-02-13,shanghai,318,1,62
2020-02-13,heilongjiang,418,11,37
2020-02-13,chongqing,529,4,128
2020-02-12,chongqing,518,3,102
2020-02-12,anhui,910,5,128
2020-02-12,jilin,84,1,22
2020-02-12,guangdong,1241,2,284
2020-02-12,ningxia,64,0,24
2020-02-12,tianjin,112,2,11
2020-02-12,gansu,87,2,31
2020-02-12,hongkong ,50,1,1
2020-02-12,beijing,366,3,68
2020-02-12,henan,1169,10,258
2020-02-12,jiangsu,570,0,131
2020-02-12,guizhou,135,1,20
2020-02-12,neimenggu,61,0,6
2020-02-12,xizang,1,0,1
2020-02-12,shanghai,313,1,57
2020-02-12,guangxi,222,2,33
2020-02-12,qinghai,18,0,9
2020-02-12,macau,10,0,2
2020-02-12,hunan,968,2,312
2020-02-12,heilongjiang,395,9,31
2020-02-12,hainan,157,4,27
2020-02-12,hebei,265,3,54
2020-02-12,fujian,279,0,54
2020-02-12,jiangxi,872,1,170
2020-02-12,shanxi,225,0,36
2020-02-12,liaoning,116,0,22
2020-02-12,shandong,506,2,98
2020-02-12,xinjiang,63,1,3
2020-02-12,zhejiang,1145,0,327
2020-02-12,sichuan,451,1,93
2020-02-12,shanxi,126,0,33
2020-02-12,hubei_non_wuhan,27605,382,1795
2020-02-12,wuhan,19558,820,1377
2020-02-12,yunnan,155,0,23
2020-02-12,taiwan,18,0,1
2020-02-11,hebei,251,2,48
2020-02-11,taiwan,18,0,1
2020-02-11,guizhou,131,1,17
2020-02-11,zhejiang,1131,0,279
2020-02-11,shanxi,124,0,30
2020-02-11,tianjin,106,2,10
2020-02-11,hongkong ,49,1,0
2020-02-11,henan,1135,8,231
2020-02-11,qinghai,18,0,5
2020-02-11,hunan,946,2,263
2020-02-11,jilin,83,1,18
2020-02-11,jiangsu,543,0,94
2020-02-11,xizang,1,0,0
2020-02-11,shanxi,219,0,31
2020-02-11,liaoning,116,0,19
2020-02-11,wuhan,18454,748,1243
2020-02-11,neimenggu,60,0,5
2020-02-11,ningxia,58,0,22
2020-02-11,hainan,145,3,20
2020-02-11,beijing,352,3,56
2020-02-11,hubei_non_wuhan,14912,320,1396
2020-02-11,jiangxi,844,1,152
2020-02-11,anhui,888,4,108
2020-02-11,gansu,86,2,24
2020-02-11,xinjiang,59,0,3
2020-02-11,shanghai,306,1,53
2020-02-11,yunnan,154,0,20
2020-02-11,macau,10,0,1
2020-02-11,guangdong,1219,1,241
2020-02-11,heilongjiang,378,8,28
2020-02-11,fujian,272,0,46
2020-02-11,shandong,497,1,80
2020-02-11,chongqing,505,3,79
2020-02-11,sichuan,436,1,85
2020-02-11,guangxi,222,1,31
2020-02-10,hunan,912,1,213
2020-02-10,jilin,81,1,13
2020-02-10,sichuan,417,1,82
2020-02-10,shanxi,213,0,26
2020-02-10,hainan,142,3,19
2020-02-10,hebei,239,2,41
2020-02-10,hongkong ,42,1,0
2020-02-10,gansu,86,2,21
2020-02-10,xinjiang,55,0,0
2020-02-10,tianjin,95,2,8
2020-02-10,liaoning,108,0,17
2020-02-10,neimenggu,58,0,5
2020-02-10,anhui,860,4,88
2020-02-10,wuhan,16902,681,1044
2020-02-10,henan,1105,7,198
2020-02-10,zhejiang,1117,0,250
2020-02-10,shandong,486,1,71
2020-02-10,taiwan,18,0,1
2020-02-10,xizang,1,0,0
2020-02-10,ningxia,53,0,14
2020-02-10,hubei_non_wuhan,14826,293,1178
2020-02-10,jiangxi,804,1,127
2020-02-10,macau,10,0,1
2020-02-10,jiangsu,515,0,84
2020-02-10,qinghai,18,0,3
2020-02-10,guangxi,215,1,30
2020-02-10,fujian,267,0,39
2020-02-10,chongqing,486,2,66
2020-02-10,heilongjiang,360,8,27
2020-02-10,shanxi,122,0,26
2020-02-10,guizhou,118,1,10
2020-02-10,shanghai,302,1,48
2020-02-10,yunnan,149,0,19
2020-02-10,beijing,342,3,48
2020-02-10,guangdong,1177,1,181
2020-02-09,shandong,459,1,63
2020-02-09,qinghai,18,0,3
2020-02-09,guangxi,210,1,18
2020-02-09,guizhou,109,1,7
2020-02-09,zhejiang,1092,0,200
2020-02-09,sichuan,405,1,76
2020-02-09,hainan,136,3,19
2020-02-09,chongqing,468,2,51
2020-02-09,guangdong,1151,1,143
2020-02-09,beijing,337,2,44
2020-02-09,shanghai,295,1,44
2020-02-09,jilin,80,1,12
2020-02-09,jiangsu,492,0,72
2020-02-09,yunnan,141,0,18
2020-02-09,hebei,218,2,35
2020-02-09,taiwan,18,0,1
2020-02-09,hunan,879,1,186
2020-02-09,anhui,830,3,73
2020-02-09,xizang,1,0,0
2020-02-09,gansu,83,2,16
2020-02-09,hubei_non_wuhan,14649,263,954
2020-02-09,wuhan,14982,608,841
2020-02-09,fujian,261,0,35
2020-02-09,liaoning,108,0,12
2020-02-09,tianjin,91,1,4
2020-02-09,shanxi,208,0,20
2020-02-09,heilongjiang,331,7,15
2020-02-09,shanxi,119,0,25
2020-02-09,xinjiang,49,0,0
2020-02-09,macau,10,0,1
2020-02-09,ningxia,49,0,13
2020-02-09,neimenggu,58,0,5
2020-02-09,hongkong ,36,1,0
2020-02-09,jiangxi,772,1,102
2020-02-09,henan,1073,6,169
2020-02-08,chongqing,446,2,39
2020-02-08,xizang,1,0,0
2020-02-08,hongkong ,26,1,0
2020-02-08,guangxi,195,1,18
2020-02-08,henan,1033,6,131
2020-02-08,guizhou,96,1,7
2020-02-08,qinghai,18,0,3
2020-02-08,hunan,838,1,159
2020-02-08,jilin,78,1,5
2020-02-08,guangdong,1120,1,125
2020-02-08,xinjiang,45,0,0
2020-02-08,beijing,326,2,37
2020-02-08,hainan,128,2,15
2020-02-08,zhejiang,1075,0,173
2020-02-08,liaoning,106,0,12
2020-02-08,fujian,250,0,24
2020-02-08,jiangsu,468,0,51
2020-02-08,tianjin,88,1,4
2020-02-08,hebei,206,2,30
2020-02-08,shanxi,195,0,17
2020-02-08,shanxi,115,0,21
2020-02-08,shandong,435,1,50
2020-02-08,sichuan,386,1,60
2020-02-08,shanghai,292,1,41
2020-02-08,heilongjiang,307,6,13
2020-02-08,gansu,79,1,12
2020-02-08,anhui,779,1,59
2020-02-08,ningxia,45,0,13
2020-02-08,yunnan,140,0,17
2020-02-08,macau,10,0,1
2020-02-08,jiangxi,739,0,72
2020-02-08,neimenggu,54,0,5
2020-02-08,taiwan,17,0,1
2020-02-08,hubei_non_wuhan,13410,235,777
2020-02-08,wuhan,13603,545,662
2020-02-07,guangxi,183,0,17
2020-02-07,fujian,239,0,20
2020-02-07,hainan,122,2,11
2020-02-07,yunnan,138,0,12
2020-02-07,qinghai,18,0,3
2020-02-07,hongkong ,26,1,0
2020-02-07,xinjiang,42,0,0
2020-02-07,tianjin,81,1,2
2020-02-07,zhejiang,1048,0,127
2020-02-07,jiangxi,698,0,55
2020-02-07,shandong,407,0,38
2020-02-07,macau,10,0,1
2020-02-07,liaoning,99,0,7
2020-02-07,jilin,69,1,4
2020-02-07,chongqing,426,2,31
2020-02-07,taiwan,16,0,1
2020-02-07,shanxi,104,0,15
2020-02-07,neimenggu,52,0,5
2020-02-07,sichuan,363,1,50
2020-02-07,anhui,733,0,47
2020-02-07,wuhan,11618,478,498
2020-02-07,guizhou,89,1,6
2020-02-07,beijing,315,2,34
2020-02-07,ningxia,44,0,5
2020-02-07,guangdong,1075,1,97
2020-02-07,gansu,71,1,9
2020-02-07,shanxi,184,0,9
2020-02-07,henan,980,4,97
2020-02-07,jiangsu,439,0,43
2020-02-07,hebei,195,1,25
2020-02-07,hunan,803,0,119
2020-02-07,heilongjiang,281,5,12
2020-02-07,xizang,1,0,0
2020-02-07,shanghai,281,1,30
2020-02-07,hubei_non_wuhan,13335,221,617
2020-02-06,macau,10,1,0
2020-02-06,anhui,665,0,34
2020-02-06,ningxia,43,0,1
2020-02-06,liaoning,95,0,6
2020-02-06,guizhou,77,0,6
2020-02-06,sichuan,344,1,37
2020-02-06,gansu,67,0,9
2020-02-06,xinjiang,39,0,0
2020-02-06,hainan,111,2,8
2020-02-06,hunan,772,0,91
2020-02-06,yunnan,135,0,7
2020-02-06,neimenggu,50,0,0
2020-02-06,shandong,379,0,31
2020-02-06,wuhan,11618,478,0
2020-02-06,tianjin,79,0,2
2020-02-06,taiwan,16,1,0
2020-02-06,hubei_non_wuhan,10494,140,817
2020-02-06,shanghai,269,1,25
2020-02-06,henan,914,3,68
2020-02-06,zhejiang,1006,0,98
2020-02-06,hongkong ,24,1,0
2020-02-06,jilin,65,1,4
2020-02-06,qinghai,18,0,3
2020-02-06,guangdong,1018,0,68
2020-02-06,jiangsu,408,0,38
2020-02-06,guangxi,172,0,17
2020-02-06,shanxi,184,0,11
2020-02-06,jiangxi,661,0,45
2020-02-06,heilongjiang,277,3,8
2020-02-06,chongqing,411,2,24
2020-02-06,fujian,224,0,15
2020-02-06,beijing,297,1,33
2020-02-06,hebei,171,1,16
2020-02-06,xizang,1,0,0
2020-02-06,shanxi,96,0,12
2020-02-05,guangxi,168,0,14
2020-02-05,guizhou,69,0,6
2020-02-05,neimenggu,46,0,4
2020-02-05,yunnan,128,0,5
2020-02-05,zhejiang,954,0,81
2020-02-05,taiwan,11,0,0
2020-02-05,heilongjiang,227,3,7
2020-02-05,gansu,62,0,6
2020-02-05,hunan,711,0,56
2020-02-05,guangdong,944,0,49
2020-02-05,shandong,343,0,18
2020-02-05,shanxi,90,0,6
2020-02-05,beijing,274,1,31
2020-02-05,tianjin,69,1,2
2020-02-05,chongqing,389,2,15
2020-02-05,ningxia,40,0,1
2020-02-05,sichuan,321,1,27
2020-02-05,macau,10,0,0
2020-02-05,xinjiang,36,0,0
2020-02-05,hainan,100,1,5
2020-02-05,xizang,1,0,0
2020-02-05,shanghai,254,1,15
2020-02-05,jiangsu,373,0,26
2020-02-05,henan,851,2,54
2020-02-05,fujian,215,0,11
2020-02-05,anhui,591,0,23
2020-02-05,qinghai,18,0,3
2020-02-05,hebei,157,1,7
2020-02-05,jiangxi,600,0,37
2020-02-05,hongkong ,21,1,0
2020-02-05,jilin,59,0,2
2020-02-05,shanxi,173,0,6
2020-02-05,liaoning,89,0,4
2020-02-05,hubei_non_wuhan,9548,135,633
2020-02-05,wuhan,10117,414,0
2020-02-04,yunnan,122,0,5
2020-02-04,macau,10,0,0
2020-02-04,neimenggu,42,0,1
2020-02-04,zhejiang,895,0,63
2020-02-04,shanghai,233,1,12
2020-02-04,jiangsu,341,0,13
2020-02-04,liaoning,81,0,2
2020-02-04,jilin,54,0,1
2020-02-04,gansu,57,0,4
2020-02-04,hebei,135,1,4
2020-02-04,qinghai,17,0,0
2020-02-04,taiwan,11,0,0
2020-02-04,sichuan,301,1,23
2020-02-04,wuhan,8351,362,0
2020-02-04,beijing,253,1,24
2020-02-04,hubei_non_wuhan,8327,117,520
2020-02-04,heilongjiang,190,2,4
2020-02-04,shanxi,165,0,2
2020-02-04,tianjin,67,0,2
2020-02-04,hongkong ,18,1,0
2020-02-04,jiangxi,548,0,27
2020-02-04,guizhou,64,0,5
2020-02-04,chongqing,366,2,14
2020-02-04,guangxi,150,0,10
2020-02-04,shandong,298,0,13
2020-02-04,hunan,661,0,35
2020-02-04,guangdong,870,0,32
2020-02-04,henan,764,2,41
2020-02-04,hainan,89,1,4
2020-02-04,shanxi,81,0,4
2020-02-04,anhui,530,0,20
2020-02-04,fujian,205,0,7
2020-02-04,xizang,1,0,0
2020-02-04,xinjiang,32,0,0
2020-02-04,ningxia,34,0,0
2020-02-03,taiwan,10,0,0
2020-02-03,qinghai,15,0,0
2020-02-03,guangdong,797,0,20
2020-02-03,zhejiang,829,0,48
2020-02-03,hebei,126,1,3
2020-02-03,shandong,270,0,7
2020-02-03,xinjiang,29,0,0
2020-02-03,hunan,593,0,22
2020-02-03,shanxi,74,0,2
2020-02-03,guizhou,56,0,2
2020-02-03,jiangxi,476,0,19
2020-02-03,neimenggu,35,0,1
2020-02-03,sichuan,282,1,14
2020-02-03,hubei_non_wuhan,7138,101,396
2020-02-03,hainan,79,1,4
2020-02-03,gansu,55,0,3
2020-02-03,fujian,194,0,1
2020-02-03,hongkong ,15,0,0
2020-02-03,chongqing,337,2,9
2020-02-03,heilongjiang,155,2,2
2020-02-03,beijing,228,1,23
2020-02-03,anhui,480,0,14
2020-02-03,ningxia,34,0,0
2020-02-03,shanxi,142,0,1
2020-02-03,wuhan,6384,313,0
2020-02-03,guangxi,139,0,7
2020-02-03,jilin,42,0,1
2020-02-03,liaoning,74,0,1
2020-02-03,jiangsu,308,0,8
2020-02-03,henan,675,2,20
2020-02-03,xizang,1,0,0
2020-02-03,macau,8,0,0
2020-02-03,yunnan,117,0,5
2020-02-03,shanghai,208,1,10
2020-02-03,tianjin,60,0,1
2020-02-02,shanxi,128,0,0
2020-02-02,neimenggu,34,0,1
2020-02-02,macau,8,0,0
2020-02-02,sichuan,254,1,12
2020-02-02,gansu,51,0,3
2020-02-02,xinjiang,24,0,0
2020-02-02,shandong,246,0,6
2020-02-02,guizhou,46,0,2
2020-02-02,beijing,212,1,12
2020-02-02,qinghai,13,0,0
2020-02-02,shanghai,193,1,10
2020-02-02,xizang,1,0,0
2020-02-02,fujian,179,0,0
2020-02-02,guangxi,127,0,2
2020-02-02,zhejiang,724,0,36
2020-02-02,jilin,31,0,1
2020-02-02,ningxia,31,0,0
2020-02-02,tianjin,48,0,1
2020-02-02,taiwan,10,0,0
2020-02-02,hainan,70,1,4
2020-02-02,jiangxi,391,0,18
2020-02-02,guangdong,683,0,14
2020-02-02,anhui,408,0,7
2020-02-02,hunan,521,0,16
2020-02-02,liaoning,70,0,1
2020-02-02,shanxi,66,0,2
2020-02-02,heilongjiang,118,2,2
2020-02-02,chongqing,300,2,7
2020-02-02,yunnan,109,0,3
2020-02-02,jiangsu,271,0,7
2020-02-02,hongkong ,15,0,0
2020-02-02,henan,566,2,14
2020-02-02,hebei,113,1,3
2020-02-02,hubei_non_wuhan,6035,85,295
2020-02-02,wuhan,5142,265,0
2020-02-01,qinghai,9,0,0
2020-02-01,shandong,225,0,5
2020-02-01,xinjiang,21,0,0
2020-02-01,anhui,340,0,5
2020-02-01,guangdong,604,0,12
2020-02-01,jilin,23,0,1
2020-02-01,jiangsu,236,0,6
2020-02-01,shanxi,56,0,1
2020-02-01,zhejiang,661,0,23
2020-02-01,beijing,183,1,9
2020-02-01,hunan,463,0,8
2020-02-01,fujian,159,0,0
2020-02-01,guangxi,111,0,2
2020-02-01,guizhou,38,0,2
2020-02-01,heilongjiang,95,2,0
2020-02-01,wuhan,4109,224,0
2020-02-01,taiwan,10,0,0
2020-02-01,macau,7,0,0
2020-02-01,tianjin,41,0,0
2020-02-01,hebei,104,1,3
2020-02-01,hongkong ,14,0,0
2020-02-01,hubei_non_wuhan,4965,70,215
2020-02-01,jiangxi,333,0,10
2020-02-01,xizang,1,0,0
2020-02-01,yunnan,99,0,2
2020-02-01,liaoning,64,0,1
2020-02-01,neimenggu,27,0,1
2020-02-01,henan,493,2,4
2020-02-01,hainan,63,1,1
2020-02-01,shanghai,177,1,10
2020-02-01,ningxia,28,0,0
2020-02-01,chongqing,262,1,3
2020-02-01,sichuan,231,1,3
2020-02-01,gansu,40,0,0
2020-02-01,shanxi,116,0,0
2020-01-31,xinjiang,18,0,0
2020-01-31,jiangsu,202,0,5
2020-01-31,shanxi,101,0,0
2020-01-31,shanghai,153,1,9
2020-01-31,wuhan,3215,192,0
2020-01-31,tianjin,32,0,0
2020-01-31,shanxi,47,0,1
2020-01-31,anhui,297,0,3
2020-01-31,sichuan,207,1,3
2020-01-31,hebei,96,1,0
2020-01-31,neimenggu,23,0,1
2020-01-31,yunnan,91,0,1
2020-01-31,liaoning,60,0,1
2020-01-31,macau,7,0,0
2020-01-31,guangdong,520,0,0
2020-01-31,xizang,1,0,0
2020-01-31,hubei_non_wuhan,3938,57,166
2020-01-31,hainan,57,1,1
2020-01-31,henan,422,2,3
2020-01-31,ningxia,26,0,0
2020-01-31,heilongjiang,80,2,0
2020-01-31,shandong,202,0,2
2020-01-31,guizhou,29,0,2
2020-01-31,jilin,17,0,1
2020-01-31,taiwan,10,0,0
2020-01-31,fujian,144,0,0
2020-01-31,guangxi,100,0,2
2020-01-31,beijing,156,1,5
2020-01-31,hunan,389,0,3
2020-01-31,zhejiang,599,0,15
2020-01-31,qinghai,9,0,0
2020-01-31,chongqing,238,1,1
2020-01-31,gansu,35,0,0
2020-01-31,hongkong ,13,0,0
2020-01-31,jiangxi,286,0,9
2020-01-30,jiangxi,240,0,7
2020-01-30,hunan,332,0,2
2020-01-30,taiwan,9,0,0
2020-01-30,zhejiang,537,0,9
2020-01-30,guizhou,15,0,1
2020-01-30,tianjin,31,0,0
2020-01-30,hongkong ,12,0,0
2020-01-30,xinjiang,17,0,0
2020-01-30,jilin,14,0,1
2020-01-30,macau,7,0,0
2020-01-30,yunnan,80,0,0
2020-01-30,jiangsu,168,0,2
2020-01-30,guangxi,87,0,2
2020-01-30,hebei,82,1,0
2020-01-30,fujian,120,0,0
2020-01-30,beijing,132,1,5
2020-01-30,hubei_non_wuhan,3167,45,116
2020-01-30,neimenggu,20,0,0
2020-01-30,shanxi,87,0,0
2020-01-30,shanxi,39,0,1
2020-01-30,chongqing,206,0,1
2020-01-30,shanghai,128,1,5
2020-01-30,gansu,29,0,0
2020-01-30,sichuan,177,1,1
2020-01-30,liaoning,45,0,1
2020-01-30,xizang,1,0,0
2020-01-30,anhui,237,0,3
2020-01-30,guangdong,393,0,9
2020-01-30,qinghai,8,0,0
2020-01-30,henan,352,2,3
2020-01-30,heilongjiang,59,2,0
2020-01-30,hainan,49,1,1
2020-01-30,shandong,178,0,2
2020-01-30,ningxia,21,0,0
2020-01-30,wuhan,2639,159,0
2020-01-29,fujian,101,0,0
2020-01-29,shanghai,101,1,5
2020-01-29,jilin,14,0,0
2020-01-29,sichuan,142,1,1
2020-01-29,henan,206,2,2
2020-01-29,hongkong ,10,0,0
2020-01-29,zhejiang,428,0,4
2020-01-29,wuhan,2261,129,0
2020-01-29,tianjin,27,0,0
2020-01-29,shanxi,35,0,1
2020-01-29,beijing,114,1,4
2020-01-29,guizhou,12,0,1
2020-01-29,gansu,26,0,0
2020-01-29,taiwan,8,0,0
2020-01-29,anhui,200,0,2
2020-01-29,hebei,65,1,0
2020-01-29,ningxia,17,0,0
2020-01-29,jiangxi,162,0,3
2020-01-29,xizang,1,0,0
2020-01-29,chongqing,165,0,1
2020-01-29,neimenggu,18,0,0
2020-01-29,shandong,145,0,1
2020-01-29,hunan,277,0,0
2020-01-29,macau,7,0,0
2020-01-29,yunnan,70,0,0
2020-01-29,xinjiang,14,0,0
2020-01-29,guangdong,311,0,6
2020-01-29,heilongjiang,43,1,0
2020-01-29,guangxi,78,0,2
2020-01-29,hubei_non_wuhan,2325,33,90
2020-01-29,hainan,46,1,1
2020-01-29,liaoning,41,0,1
2020-01-29,qinghai,6,0,0
2020-01-29,jiangsu,129,0,1
2020-01-29,shanxi,63,0,0
2020-01-28,wuhan,1905,104,0
2020-01-28,jiangxi,109,0,3
2020-01-28,hainan,43,1,0
2020-01-28,shanxi,56,0,0
2020-01-28,xizang,0,0,0
2020-01-28,macau,7,0,0
2020-01-28,shanghai,80,1,4
2020-01-28,fujian,80,0,0
2020-01-28,gansu,24,0,0
2020-01-28,jilin,9,0,0
2020-01-28,hubei_non_wuhan,1649,21,80
2020-01-28,anhui,152,0,0
2020-01-28,qinghai,6,0,0
2020-01-28,jiangsu,99,0,1
2020-01-28,ningxia,12,0,0
2020-01-28,neimenggu,16,0,0
2020-01-28,guizhou,9,0,1
2020-01-28,guangdong,241,0,5
2020-01-28,liaoning,34,0,0
2020-01-28,beijing,91,1,4
2020-01-28,heilongjiang,37,1,0
2020-01-28,hunan,221,0,0
2020-01-28,taiwan,8,0,0
2020-01-28,henan,206,2,1
2020-01-28,hongkong ,8,0,0
2020-01-28,zhejiang,296,0,3
2020-01-28,shanxi,27,0,0
2020-01-28,yunnan,51,0,0
2020-01-28,hebei,48,1,0
2020-01-28,guangxi,58,0,2
2020-01-28,chongqing,147,0,0
2020-01-28,sichuan,108,0,0
2020-01-28,xinjiang,13,0,0
2020-01-28,tianjin,24,0,0
2020-01-28,shandong,121,0,0
2020-01-27,shandong,63,0,0
2020-01-27,beijing,80,1,2
2020-01-27,qinghai,6,0,0
2020-01-27,liaoning,27,0,0
2020-01-27,hongkong ,8,0,0
2020-01-27,fujian,59,0,0
2020-01-27,anhui,106,0,0
2020-01-27,hunan,143,0,0
2020-01-27,jiangxi,72,0,0
2020-01-27,hebei,33,1,0
2020-01-27,shanxi,20,0,0
2020-01-27,sichuan,90,0,0
2020-01-27,heilongjiang,30,1,0
2020-01-27,yunnan,44,0,0
2020-01-27,xinjiang,10,0,0
2020-01-27,zhejiang,173,0,1
2020-01-27,guangxi,51,0,0
2020-01-27,gansu,19,0,0
2020-01-27,jilin,8,0,0
2020-01-27,chongqing,132,0,0
2020-01-27,hainan,40,1,0
2020-01-27,wuhan,1590,85,0
2020-01-27,macau,7,0,0
2020-01-27,tianjin,23,0,0
2020-01-27,neimenggu,13,0,0
2020-01-27,guangdong,188,0,4
2020-01-27,shanghai,66,1,3
2020-01-27,ningxia,11,0,0
2020-01-27,hubei_non_wuhan,1124,15,47
2020-01-27,taiwan,5,0,0
2020-01-27,guizhou,9,0,0
2020-01-27,shanxi,46,0,0
2020-01-27,jiangsu,70,0,1
2020-01-27,henan,168,1,0
2020-01-26,jiangxi,48,0,0
2020-01-26,liaoning,22,0,0
2020-01-26,henan,128,1,0
2020-01-26,neimenggu,11,0,0
2020-01-26,hunan,100,0,0
2020-01-26,tianjin,14,0,0
2020-01-26,shanxi,13,0,0
2020-01-26,qinghai,4,0,0
2020-01-26,zhejiang,128,0,1
2020-01-26,jilin,6,0,0
2020-01-26,guizhou,7,0,0
2020-01-26,guangxi,46,0,0
2020-01-26,shanxi,35,0,0
2020-01-26,fujian,35,0,0
2020-01-26,hainan,31,1,0
2020-01-26,shandong,63,0,0
2020-01-26,ningxia,7,0,0
2020-01-26,gansu,14,0,0
2020-01-26,guangdong,146,0,2
2020-01-26,taiwan,4,0,0
2020-01-26,hubei_non_wuhan,725,13,2
2020-01-26,jiangsu,47,0,1
2020-01-26,hebei,18,1,0
2020-01-26,shanghai,53,1,1
2020-01-26,yunnan,19,0,0
2020-01-26,xinjiang,5,0,0
2020-01-26,sichuan,69,0,0
2020-01-26,anhui,70,0,0
2020-01-26,wuhan,698,63,42
2020-01-26,beijing,68,0,0
2020-01-26,chongqing,110,0,0
2020-01-26,heilongjiang,21,1,0
2020-01-26,macau,5,0,0
2020-01-26,hongkong ,8,0,0
2020-01-25,jiangxi,36,0,0
2020-01-25,anhui,60,0,0
2020-01-25,hubei_non_wuhan,434,7,2
2020-01-25,yunnan,11,0,0
2020-01-25,shandong,39,0,0
2020-01-25,xinjiang,4,0,0
2020-01-25,taiwan,3,0,0
2020-01-25,fujian,18,0,0
2020-01-25,zhejiang,104,0,1
2020-01-25,heilongjiang,15,1,0
2020-01-25,guizhou,5,0,0
2020-01-25,hebei,13,1,0
2020-01-25,ningxia,4,0,0
2020-01-25,guangxi,33,0,0
2020-01-25,macau,2,0,0
2020-01-25,shanxi,9,0,0
2020-01-25,qinghai,1,0,0
2020-01-25,hainan,22,0,0
2020-01-25,shanxi,22,0,0
2020-01-25,guangdong,98,0,2
2020-01-25,liaoning,16,0,0
2020-01-25,henan,83,1,0
2020-01-25,shanghai,40,1,1
2020-01-25,jilin,4,0,0
2020-01-25,tianjin,10,0,0
2020-01-25,hunan,69,0,0
2020-01-25,chongqing,75,0,0
2020-01-25,jiangsu,31,0,1
2020-01-25,gansu,7,0,0
2020-01-25,sichuan,44,0,0
2020-01-25,wuhan,618,45,40
2020-01-25,neimenggu,7,0,0
2020-01-25,beijing,41,0,0
2020-01-25,hongkong ,5,0,0
2020-01-24,henan,32,0,0
2020-01-24,guizhou,4,0,0
2020-01-24,shandong,21,0,0
2020-01-24,macau,2,0,0
2020-01-24,hongkong ,5,0,0
2020-01-24,hainan,17,0,0
2020-01-24,neimenggu,2,0,0
2020-01-24,guangxi,23,0,0
2020-01-24,jiangsu,18,0,1
2020-01-24,chongqing,57,0,0
2020-01-24,shanghai,33,0,1
2020-01-24,shanxi,15,0,0
2020-01-24,hebei,8,1,0
2020-01-24,beijing,36,0,0
2020-01-24,shanxi,6,0,0
2020-01-24,guangdong,78,0,2
2020-01-24,liaoning,12,0,0
2020-01-24,hunan,43,0,0
2020-01-24,anhui,39,0,0
2020-01-24,jiangxi,18,0,0
2020-01-24,qinghai,0,0,0
2020-01-24,zhejiang,62,0,1
2020-01-24,taiwan,3,0,0
2020-01-24,gansu,4,0,0
2020-01-24,yunnan,5,0,0
2020-01-24,hubei_non_wuhan,157,1,32
2020-01-24,ningxia,3,0,0
2020-01-24,xinjiang,3,0,0
2020-01-24,tianjin,8,0,0
2020-01-24,jilin,4,0,0
2020-01-24,fujian,10,0,0
2020-01-24,heilongjiang,9,1,0
2020-01-24,wuhan,572,38,0
2020-01-24,sichuan,28,0,0
2020-01-23,jiangsu,9,0,0
2020-01-23,sichuan,15,0,0
2020-01-23,jilin,3,0,0
2020-01-23,yunnan,2,0,0
2020-01-23,wuhan,495,0,0
2020-01-23,chongqing,27,0,0
2020-01-23,neimenggu,1,0,0
2020-01-23,taiwan,1,0,0
2020-01-23,gansu,2,0,0
2020-01-23,ningxia,2,0,0
2020-01-23,hongkong ,2,0,0
2020-01-23,heilongjiang,4,1,0
2020-01-23,fujian,4,0,0
2020-01-23,shanghai,20,0,0
2020-01-23,guangxi,13,0,0
2020-01-23,zhejiang,43,0,1
2020-01-23,macau,2,0,0
2020-01-23,guangdong,53,0,2
2020-01-23,hubei_non_wuhan,54,24,31
2020-01-23,hainan,8,0,0
2020-01-23,shanxi,5,0,0
2020-01-23,jiangxi,7,0,0
2020-01-23,anhui,15,0,0
2020-01-23,beijing,22,0,0
2020-01-23,hunan,24,0,0
2020-01-23,tianjin,5,0,0
2020-01-23,xinjiang,2,0,0
2020-01-23,shanxi,1,0,0
2020-01-23,shandong,9,0,0
2020-01-23,hebei,2,1,0
2020-01-23,liaoning,4,0,0
2020-01-23,henan,9,0,0
2020-01-23,guizhou,3,0,0
2020-01-22,guangxi,2,0,0
2020-01-22,hunan,4,0,0
2020-01-22,henan,5,0,0
2020-01-22,heilongjiang,1,0,0
2020-01-22,jiangsu,1,0,0
2020-01-22,guizhou,3,0,0
2020-01-22,hebei,1,0,0
2020-01-22,anhui,1,0,0
2020-01-22,beijing,14,0,0
2020-01-22,hongkong ,1,0,0
2020-01-22,tianjin,4,0,0
2020-01-22,jilin,1,0,0
2020-01-22,shanxi,4,0,0
2020-01-22,guangdong,32,0,0
2020-01-22,hainan,5,0,0
2020-01-22,zhejiang,10,0,0
2020-01-22,fujian,1,0,0
2020-01-22,shanxi,1,0,0
2020-01-22,macau,1,0,0
2020-01-22,jiangxi,3,0,0
2020-01-22,chongqing,9,0,0
2020-01-22,shanghai,16,0,0
2020-01-22,liaoning,2,0,0
2020-01-22,shandong,6,0,0
2020-01-22,taiwan,1,0,0
2020-01-22,sichuan,5,0,0
2020-01-22,ningxia,1,0,0
2020-01-21,hainan,0,0,0
2020-01-21,sichuan,2,0,0
2020-01-21,hunan,1,0,0
2020-01-21,shandong,1,0,0
2020-01-21,tianjin,2,0,0
2020-01-21,guizhou,0,0,0
2020-01-21,ningxia,0,0,0
2020-01-21,shanghai,6,0,0
2020-01-21,jilin,0,0,0
2020-01-21,yunnan,1,0,0
2020-01-21,henan,1,0,0
2020-01-21,anhui,0,0,0
2020-01-21,chongqing,5,0,0
2020-01-21,shanxi,0,0,0
2020-01-21,beijing,10,0,0
2020-01-21,zhejiang,5,0,0
2020-01-21,guangdong,26,0,0
2020-01-21,heilongjiang,0,0,0
2020-01-21,jiangxi,2,0,0
2020-01-21,guangxi,0,0,0
2020-01-20,hainan,0,0,0
2020-01-20,beijing,5,0,0
2020-01-20,anhui,0,0,0
2020-01-20,jiangxi,0,0,0
2020-01-20,guangxi,0,0,0
2020-01-20,shandong,0,0,0
2020-01-20,zhejiang,0,0,0
2020-01-20,sichuan,0,0,0
2020-01-20,jilin,0,0,0
2020-01-20,yunnan,0,0,0
2020-01-20,shanghai,1,0,0
2020-01-20,guizhou,0,0,0
2020-01-20,ningxia,0,0,0
2020-01-20,guangdong,14,0,0
2020-01-19,guangdong,1,0,0
2020-01-19,wuhan,198,3,25
2020-01-19,hubei_non_wuhan,0,0,0
2020-01-18,hubei_non_wuhan,0,0,0
2020-01-18,wuhan,121,3,24
2020-01-17,wuhan,62,2,19
2020-01-17,hubei_non_wuhan,0,0,0
2020-01-16,wuhan,45,2,15
2020-01-16,hubei_non_wuhan,0,0,0
2020-01-15,wuhan,41,2,12
2020-01-15,hubei_non_wuhan,0,0,0
2020-01-14,wuhan,41,1,7
2020-01-14,hubei_non_wuhan,0,0,0
2020-01-13,wuhan,41,1,7
2020-01-13,hubei_non_wuhan,0,0,0
2020-01-12,hubei_non_wuhan,0,0,0
2020-01-12,wuhan,41,1,7
2020-01-11,hubei_non_wuhan,0,0,0
2020-01-11,wuhan,41,1,6
2020-01-10,hubei_non_wuhan,0,0,0
2020-01-10,wuhan,41,1,2
2020-01-09,wuhan,41,0,0
2020-01-09,hubei_non_wuhan,0,0,0
2020-01-08,wuhan,41,0,0
2020-01-08,hubei_non_wuhan,0,0,0
2020-01-07,wuhan,41,0,0
2020-01-07,hubei_non_wuhan,0,0,0
2020-01-06,hubei_non_wuhan,0,0,0
2020-01-06,wuhan,41,0,0
2020-01-05,wuhan,41,0,0
2020-01-05,hubei_non_wuhan,0,0,0
2020-01-04,hubei_non_wuhan,0,0,0
2020-01-04,wuhan,41,0,0
2020-01-03,hubei_non_wuhan,0,0,0
2020-01-03,wuhan,41,0,0
2020-01-02,wuhan,44,0,0
2020-01-02,hubei_non_wuhan,0,0,0
2020-01-01,hubei_non_wuhan,0,0,0
2020-01-01,wuhan,43,0,0
2019-12-31,wuhan,40,0,0
2019-12-31,hubei_non_wuhan,0,0,0
2019-12-30,wuhan,37,0,0
2019-12-30,hubei_non_wuhan,0,0,0
2019-12-29,wuhan,37,0,0
2019-12-29,hubei_non_wuhan,0,0,0
2019-12-28,wuhan,37,0,0
2019-12-28,hubei_non_wuhan,0,0,0
2019-12-27,wuhan,37,0,0
2019-12-27,hubei_non_wuhan,0,0,0
2019-12-26,wuhan,35,0,0
2019-12-26,hubei_non_wuhan,0,0,0
2019-12-25,wuhan,33,0,0
2019-12-25,hubei_non_wuhan,0,0,0
2019-12-24,wuhan,30,0,0
2019-12-24,hubei_non_wuhan,0,0,0
2019-12-23,wuhan,29,0,0
2019-12-23,hubei_non_wuhan,0,0,0
2019-12-22,wuhan,21,0,0
2019-12-22,hubei_non_wuhan,0,0,0
2019-12-21,wuhan,18,0,0
2019-12-21,hubei_non_wuhan,0,0,0
2019-12-20,wuhan,14,0,0
2019-12-20,hubei_non_wuhan,0,0,0
2019-12-19,wuhan,9,0,0
2019-12-19,hubei_non_wuhan,0,0,0
2019-12-18,wuhan,8,0,0
2019-12-18,hubei_non_wuhan,0,0,0
2019-12-17,wuhan,7,0,0
2019-12-17,hubei_non_wuhan,0,0,0
2019-12-16,wuhan,6,0,0
2019-12-16,hubei_non_wuhan,0,0,0
2019-12-15,wuhan,6,0,0
2019-12-15,hubei_non_wuhan,0,0,0
2019-12-14,wuhan,4,0,0
2019-12-14,hubei_non_wuhan,0,0,0
2019-12-13,wuhan,4,0,0
2019-12-13,hubei_non_wuhan,0,0,0
2019-12-12,wuhan,4,0,0
2019-12-12,hubei_non_wuhan,0,0,0
2019-12-11,wuhan,4,0,0
2019-12-11,hubei_non_wuhan,0,0,0
2019-12-10,wuhan,1,0,0
2019-12-10,hubei_non_wuhan,0,0,0
2019-12-09,wuhan,1,0,0
2019-12-09,hubei_non_wuhan,0,0,0
2019-12-08,wuhan,1,0,0
2019-12-08,hubei_non_wuhan,0,0,0
2019-12-07,wuhan,1,0,0
2019-12-07,hubei_non_wuhan,0,0,0
2019-12-06,wuhan,1,0,0
2019-12-06,hubei_non_wuhan,0,0,0
2019-12-05,wuhan,1,0,0
2019-12-05,hubei_non_wuhan,0,0,0
2019-12-04,wuhan,1,0,0
2019-12-04,hubei_non_wuhan,0,0,0
2019-12-03,wuhan,1,0,0
2019-12-03,hubei_non_wuhan,0,0,0
2019-12-02,wuhan,1,0,0
2019-12-02,hubei_non_wuhan,0,0,0
2019-12-01,hubei_non_wuhan,0,0,0
2019-12-01,wuhan,1,0,0
